{"cameraMode":{"drawMode":0,"name":"Shaded","section":"Shading Mode"},"sceneLighting":true,"audioPlay":false,"sceneViewState":{"showFog":true,"showMaterialUpdate":true,"showSkybox":true,"showFlares":true,"showImageEffects":true,"showParticleSystems":true},"in2DMode":false,"pivot":{"x":1.1281871795654297,"y":-0.8790700435638428,"z":8.356709480285645},"rotation":{"x":-0.20983970165252686,"y":-0.12920095026493073,"z":0.027997508645057679,"w":-0.9687773585319519},"size":1.5172104835510255,"orthographic":false}